State,Forecast_Date,Predicted_Sales
Alabama,2023-12-04,527302146
Alabama,2023-12-11,528008553
Alabama,2023-12-18,514301678
Alabama,2023-12-25,484691449
Alabama,2024-01-01,460808486
Alabama,2024-01-08,461280360
Alabama,2024-01-15,480309529
Alabama,2024-01-22,495968416
Arizona,2023-12-04,555323133
Arizona,2023-12-11,552599284
Arizona,2023-12-18,534406828
Arizona,2023-12-25,501458869
Arizona,2024-01-01,477979883
Arizona,2024-01-08,482394096
Arizona,2024-01-15,505595699
Arizona,2024-01-22,522416015
Arkansas,2023-12-04,286994318
Arkansas,2023-12-11,287906049
Arkansas,2023-12-18,280319038
Arkansas,2023-12-25,263509234
Arkansas,2024-01-01,250035586
Arkansas,2024-01-08,250632260
Arkansas,2024-01-15,261814958
Arkansas,2024-01-22,270690387
California,2023-12-04,2330395597
California,2023-12-11,2319743538
California,2023-12-18,2242637687
California,2023-12-25,2109739113
California,2024-01-01,2020791394
California,2024-01-08,2043088783
California,2024-01-15,2132388717
California,2024-01-22,2189180435
Colorado,2023-12-04,445903874
Colorado,2023-12-11,447938371
Colorado,2023-12-18,433440363
Colorado,2023-12-25,403472879
Colorado,2024-01-01,380540875
Colorado,2024-01-08,382155863
Colorado,2024-01-15,401086320
Colorado,2024-01-22,415027603
Connecticut,2023-12-04,231060089
Connecticut,2023-12-11,232388840
Connecticut,2023-12-18,226301382
Connecticut,2023-12-25,211883256
Connecticut,2024-01-01,199646704
Connecticut,2024-01-08,199131588
Connecticut,2024-01-15,208002361
Connecticut,2024-01-22,215404564
Florida,2023-12-04,1897854246
Florida,2023-12-11,1900156272
Florida,2023-12-18,1867525108
Florida,2023-12-25,1780430594
Florida,2024-01-01,1702385740
Florida,2024-01-08,1700090407
Florida,2024-01-15,1764506531
Florida,2024-01-22,1826111980
Georgia,2023-12-04,973359743
Georgia,2023-12-11,975252291
Georgia,2023-12-18,950616132
Georgia,2023-12-25,898248980
Georgia,2024-01-01,858983693
Georgia,2024-01-08,865215848
Georgia,2024-01-15,902445023
Georgia,2024-01-22,928395385
Illinois,2023-12-04,851460084
Illinois,2023-12-11,855482926
Illinois,2023-12-18,830905159
Illinois,2023-12-25,776670021
Illinois,2024-01-01,733616573
Illinois,2024-01-08,736066792
Illinois,2024-01-15,772097590
Illinois,2024-01-22,799216126
Indiana,2023-12-04,567354657
Indiana,2023-12-11,570520587
Indiana,2023-12-18,555419156
Indiana,2023-12-25,520899625
Indiana,2024-01-01,493128371
Indiana,2024-01-08,494057382
Indiana,2024-01-15,516116924
Indiana,2024-01-22,532748741
Iowa,2023-12-04,290009068
Iowa,2023-12-11,290853911
Iowa,2023-12-18,281424824
Iowa,2023-12-25,262578584
Iowa,2024-01-01,248812401
Iowa,2024-01-08,250897242
Iowa,2024-01-15,263492895
Iowa,2024-01-22,272233934
Kansas,2023-12-04,229908130
Kansas,2023-12-11,231480645
Kansas,2023-12-18,225390743
Kansas,2023-12-25,210820469
Kansas,2024-01-01,198567023
Kansas,2024-01-08,198276465
Kansas,2024-01-15,207482832
Kansas,2024-01-22,215214988
Kentucky,2023-12-04,448524929
Kentucky,2023-12-11,449608350
Kentucky,2023-12-18,438155069
Kentucky,2023-12-25,413059678
Kentucky,2024-01-01,392874557
Kentucky,2024-01-08,393341953
Kentucky,2024-01-15,409241436
Kentucky,2024-01-22,421772471
Louisiana,2023-12-04,484110240
Louisiana,2023-12-11,482144718
Louisiana,2023-12-18,466458195
Louisiana,2023-12-25,438261834
Louisiana,2024-01-01,418143237
Louisiana,2024-01-08,421261769
Louisiana,2024-01-15,439723018
Louisiana,2024-01-22,452803228
Maine,2023-12-04,121359686
Maine,2023-12-11,121681776
Maine,2023-12-18,117529798
Maine,2023-12-25,109670174
Maine,2024-01-01,104339199
Maine,2024-01-08,105722852
Maine,2024-01-15,111070998
Maine,2024-01-22,114221145
Maryland,2023-12-04,426547818
Maryland,2023-12-11,428026983
Maryland,2023-12-18,417660153
Maryland,2023-12-25,393667984
Maryland,2024-01-01,373390877
Maryland,2024-01-08,372505299
Maryland,2024-01-15,387056094
Maryland,2024-01-22,399249366
Massachusetts,2023-12-04,488561761
Massachusetts,2023-12-11,489890183
Massachusetts,2023-12-18,475252054
Massachusetts,2023-12-25,444951934
Massachusetts,2024-01-01,421799495
Massachusetts,2024-01-08,424049702
Massachusetts,2024-01-15,444231946
Massachusetts,2024-01-22,458717642
Michigan,2023-12-04,745316294
Michigan,2023-12-11,750776700
Michigan,2023-12-18,730144607
Michigan,2023-12-25,682381528
Michigan,2024-01-01,643398884
Michigan,2024-01-08,643465453
Michigan,2024-01-15,672742052
Michigan,2024-01-22,695015409
Minnesota,2023-12-04,395677027
Minnesota,2023-12-11,397878918
Minnesota,2023-12-18,385474745
Minnesota,2023-12-25,359058927
Minnesota,2024-01-01,338308428
Minnesota,2024-01-08,338986946
Minnesota,2024-01-15,355155666
Minnesota,2024-01-22,367228880
Mississippi,2023-12-04,248606898
Mississippi,2023-12-11,247148502
Mississippi,2023-12-18,239625143
Mississippi,2023-12-25,226105627
Mississippi,2024-01-01,218163390
Mississippi,2024-01-08,223813253
Mississippi,2024-01-15,237356056
Mississippi,2024-01-22,246160342
Missouri,2023-12-04,416134399
Missouri,2023-12-11,420440036
Missouri,2023-12-18,408164626
Missouri,2023-12-25,376543074
Missouri,2024-01-01,348556806
Missouri,2024-01-08,345850418
Missouri,2024-01-15,364472164
Missouri,2024-01-22,381327301
Nebraska,2023-12-04,131853481
Nebraska,2023-12-11,134422809
Nebraska,2023-12-18,133204529
Nebraska,2023-12-25,126414984
Nebraska,2024-01-01,120205083
Nebraska,2024-01-08,120519255
Nebraska,2024-01-15,126015834
Nebraska,2024-01-22,130364848
Nevada,2023-12-04,262047007
Nevada,2023-12-11,261034174
Nevada,2023-12-18,252499577
Nevada,2023-12-25,237213088
Nevada,2024-01-01,226658337
Nevada,2024-01-08,229046807
Nevada,2024-01-15,239670219
Nevada,2024-01-22,246920309
New Hampshire,2023-12-04,140760500
New Hampshire,2023-12-11,141448449
New Hampshire,2023-12-18,137423541
New Hampshire,2023-12-25,128450426
New Hampshire,2024-01-01,121208049
New Hampshire,2024-01-08,121420336
New Hampshire,2024-01-15,127289984
New Hampshire,2024-01-22,131890773
New Mexico,2023-12-04,186679118
New Mexico,2023-12-11,187055766
New Mexico,2023-12-18,181358388
New Mexico,2023-12-25,169733293
New Mexico,2024-01-01,161018553
New Mexico,2024-01-08,162100534
New Mexico,2024-01-15,169954927
New Mexico,2024-01-22,175675873
New York,2023-12-04,1161521883
New York,2023-12-11,1163327481
New York,2023-12-18,1128943405
New York,2023-12-25,1058344684
New York,2024-01-01,1003579473
New York,2024-01-08,1007073105
New York,2024-01-15,1052499512
New York,2024-01-22,1086020996
North Carolina,2023-12-04,904656558
North Carolina,2023-12-11,906698129
North Carolina,2023-12-18,884111702
North Carolina,2023-12-25,834924020
North Carolina,2024-01-01,796795452
North Carolina,2024-01-08,800677058
North Carolina,2024-01-15,834335833
North Carolina,2024-01-22,858718043
Ohio,2023-12-04,954463644
Ohio,2023-12-11,959375744
Ohio,2023-12-18,935434910
Ohio,2023-12-25,878857282
Ohio,2024-01-01,832107657
Ohio,2024-01-08,832782521
Ohio,2024-01-15,870120539
Ohio,2024-01-22,900074356
Oklahoma,2023-12-04,372981219
Oklahoma,2023-12-11,373145775
Oklahoma,2023-12-18,361232327
Oklahoma,2023-12-25,338437480
Oklahoma,2024-01-01,322607815
Oklahoma,2024-01-08,326430875
Oklahoma,2024-01-15,342497183
Oklahoma,2024-01-22,352902394
Oregon,2023-12-04,284167698
Oregon,2023-12-11,286021112
Oregon,2023-12-18,278070965
Oregon,2023-12-25,259977579
Oregon,2024-01-01,245611865
Oregon,2024-01-08,246381441
Oregon,2024-01-15,258098050
Oregon,2024-01-22,266786006
Pennsylvania,2023-12-04,950149492
Pennsylvania,2023-12-11,954905596
Pennsylvania,2023-12-18,929936517
Pennsylvania,2023-12-25,873445804
Pennsylvania,2024-01-01,827753766
Pennsylvania,2024-01-08,828518454
Pennsylvania,2024-01-15,863703141
Pennsylvania,2024-01-22,890289285
Rhode Island,2023-12-04,64907275
Rhode Island,2023-12-11,65453121
Rhode Island,2023-12-18,63770613
Rhode Island,2023-12-25,59583085
Rhode Island,2024-01-01,56046148
Rhode Island,2024-01-08,55990853
Rhode Island,2024-01-15,58675570
Rhode Island,2024-01-22,60849301
South Carolina,2023-12-04,487421327
South Carolina,2023-12-11,488428844
South Carolina,2023-12-18,476387970
South Carolina,2023-12-25,449422327
South Carolina,2024-01-01,427504265
South Carolina,2024-01-08,427886967
South Carolina,2024-01-15,445078329
South Carolina,2024-01-22,458809318
South Dakota,2023-12-04,71630105
South Dakota,2023-12-11,72023407
South Dakota,2023-12-18,69533969
South Dakota,2023-12-25,64588707
South Dakota,2024-01-01,61022906
South Dakota,2024-01-08,61523034
South Dakota,2024-01-15,64608292
South Dakota,2024-01-22,66626046
Tennessee,2023-12-04,672850924
Tennessee,2023-12-11,675739819
Tennessee,2023-12-18,658925631
Tennessee,2023-12-25,621316539
Tennessee,2024-01-01,591873390
Tennessee,2024-01-08,594018775
Tennessee,2024-01-15,618433873
Tennessee,2024-01-22,636204205
Texas,2023-12-04,2338022267
Texas,2023-12-11,2343580055
Texas,2023-12-18,2271073577
Texas,2023-12-25,2124092663
Texas,2024-01-01,2013039786
Texas,2024-01-08,2022713879
Texas,2024-01-15,2115896203
Texas,2024-01-22,2184632991
Utah,2023-12-04,209747874
Utah,2023-12-11,211556590
Utah,2023-12-18,205882773
Utah,2023-12-25,191854667
Utah,2024-01-01,179566742
Utah,2024-01-08,178345655
Utah,2024-01-15,186456407
Utah,2024-01-22,193989059
Vermont,2023-12-04,47403096
Vermont,2023-12-11,48034879
Vermont,2023-12-18,46994723
Vermont,2023-12-25,44120032
Vermont,2024-01-01,41656037
Vermont,2024-01-08,41568946
Vermont,2024-01-15,43331429
Vermont,2024-01-22,44753947
Virginia,2023-12-04,739882878
Virginia,2023-12-11,741610042
Virginia,2023-12-18,722843890
Virginia,2023-12-25,681529064
Virginia,2024-01-01,648606682
Virginia,2024-01-08,650294294
Virginia,2024-01-15,677554870
Virginia,2024-01-22,698646761
Washington,2023-12-04,469675497
Washington,2023-12-11,472853827
Washington,2023-12-18,459860942
Washington,2023-12-25,430052899
Washington,2024-01-01,406465008
Washington,2024-01-08,408232772
Washington,2024-01-15,428318530
Washington,2024-01-22,442837421
West Virginia,2023-12-04,191970126
West Virginia,2023-12-11,191744743
West Virginia,2023-12-18,186117873
West Virginia,2023-12-25,175192364
West Virginia,2024-01-01,167186583
West Virginia,2024-01-08,168361252
West Virginia,2024-01-15,175621478
West Virginia,2024-01-22,180553700
Wisconsin,2023-12-04,405840186
Wisconsin,2023-12-11,409327305
Wisconsin,2023-12-18,398016376
Wisconsin,2023-12-25,371266538
Wisconsin,2024-01-01,349203303
Wisconsin,2024-01-08,348964951
Wisconsin,2024-01-15,365373307
Wisconsin,2024-01-22,378511961
Wyoming,2023-12-04,45444563
Wyoming,2023-12-11,45693317
Wyoming,2023-12-18,43782206
Wyoming,2023-12-25,40041066
Wyoming,2024-01-01,37347443
Wyoming,2024-01-08,37728739
Wyoming,2024-01-15,40085045
Wyoming,2024-01-22,41647873
