Model,SMAPE (%),RMSE,State
Prophet,15.15,69626092.0,Alabama
XGBoost,27.91,101502199.0,Alabama
SARIMA,38.07,121441233.0,Alabama
LSTM,40.38,126032941.0,Alabama
Prophet,13.37,68348865.0,Arizona
XGBoost,30.09,113860192.0,Arizona
LSTM,38.81,131911906.0,Arizona
SARIMA,39.22,135147538.0,Arizona
Prophet,15.34,36933034.0,Arkansas
XGBoost,27.34,52398340.0,Arkansas
LSTM,37.68,63416018.0,Arkansas
SARIMA,37.89,64075358.0,Arkansas
Prophet,16.32,316205268.0,California
XGBoost,33.82,498532077.0,California
SARIMA,41.23,548853800.0,California
LSTM,42.78,562056320.0,California
Prophet,15.9,60657566.0,Colorado
SARIMA,38.58,104882533.0,Colorado
XGBoost,39.29,110727590.0,Colorado
LSTM,44.13,115955621.0,Colorado
Prophet,15.1,28880686.0,Connecticut
XGBoost,33.93,50495474.0,Connecticut
SARIMA,37.09,51027368.0,Connecticut
LSTM,40.68,54732151.0,Connecticut
Prophet,13.64,247786576.0,Florida
XGBoost,40.58,484550405.0,Florida
SARIMA,40.68,477202370.0,Florida
LSTM,42.81,489882082.0,Florida
Prophet,16.19,134849265.0,Georgia
XGBoost,31.64,203004875.0,Georgia
SARIMA,38.65,227804132.0,Georgia
LSTM,43.02,243743671.0,Georgia
Prophet,17.97,119747015.0,Illinois
XGBoost,32.89,183950587.0,Illinois
SARIMA,40.7,201907440.0,Illinois
LSTM,46.64,221399500.0,Illinois
Prophet,15.37,73814386.0,Indiana
XGBoost,34.15,128240634.0,Indiana
SARIMA,38.96,133600162.0,Indiana
LSTM,42.56,140067531.0,Indiana
Prophet,17.84,42218879.0,Iowa
XGBoost,27.77,56395240.0,Iowa
SARIMA,38.02,67758755.0,Iowa
LSTM,40.93,71035711.0,Iowa
Prophet,16.06,30403320.0,Kansas
XGBoost,26.16,41836964.0,Kansas
LSTM,37.61,51775694.0,Kansas
SARIMA,37.9,52762026.0,Kansas
Prophet,15.74,58585836.0,Kentucky
XGBoost,30.52,89782252.0,Kentucky
SARIMA,38.14,101708961.0,Kentucky
LSTM,40.75,105463038.0,Kentucky
Prophet,17.21,68081010.0,Louisiana
XGBoost,26.95,83294720.0,Louisiana
SARIMA,40.26,113893464.0,Louisiana
LSTM,42.51,117900623.0,Louisiana
Prophet,16.51,16810573.0,Maine
SARIMA,39.87,28990767.0,Maine
XGBoost,41.9,31148975.0,Maine
LSTM,44.49,31143054.0,Maine
Prophet,15.67,55199762.0,Maryland
XGBoost,32.89,90263556.0,Maryland
SARIMA,39.78,98884620.0,Maryland
LSTM,43.43,105500549.0,Maryland
Prophet,17.7,67141107.0,Massachusetts
XGBoost,36.34,110224547.0,Massachusetts
LSTM,39.15,110351532.0,Massachusetts
SARIMA,39.54,112674450.0,Massachusetts
Prophet,13.93,90443312.0,Michigan
XGBoost,31.59,160436533.0,Michigan
SARIMA,39.4,177385294.0,Michigan
LSTM,44.2,191195514.0,Michigan
Prophet,15.25,50739657.0,Minnesota
XGBoost,30.54,83429130.0,Minnesota
SARIMA,38.1,91585188.0,Minnesota
LSTM,38.92,92053414.0,Minnesota
Prophet,26.71,59527309.0,Mississippi
XGBoost,29.3,62699402.0,Mississippi
SARIMA,38.32,73125334.0,Mississippi
LSTM,40.84,75688251.0,Mississippi
Prophet,14.82,61876974.0,Missouri
XGBoost,31.27,98644489.0,Missouri
SARIMA,37.5,112422012.0,Missouri
LSTM,38.04,112159823.0,Missouri
Prophet,21.4,25520644.0,Nebraska
XGBoost,29.94,31687915.0,Nebraska
LSTM,34.17,32651299.0,Nebraska
SARIMA,37.19,35599345.0,Nebraska
Prophet,16.99,37908359.0,Nevada
XGBoost,26.98,49946148.0,Nevada
SARIMA,39.29,62180991.0,Nevada
LSTM,46.81,70088484.0,Nevada
Prophet,14.46,17963137.0,New Hampshire
XGBoost,34.88,32595010.0,New Hampshire
SARIMA,39.28,33884197.0,New Hampshire
LSTM,41.53,34783818.0,New Hampshire
Prophet,17.24,26565196.0,New Mexico
XGBoost,33.9,41063416.0,New Mexico
SARIMA,38.91,43780574.0,New Mexico
LSTM,43.97,47571499.0,New Mexico
Prophet,16.51,151441154.0,New York
SARIMA,39.1,262441036.0,New York
XGBoost,40.17,279557077.0,New York
LSTM,41.18,272616609.0,New York
Prophet,15.27,120669134.0,North Carolina
XGBoost,30.67,190165649.0,North Carolina
SARIMA,38.71,213619722.0,North Carolina
LSTM,42.29,226142294.0,North Carolina
Prophet,17.13,134911232.0,Ohio
XGBoost,35.01,215684002.0,Ohio
SARIMA,39.27,226119059.0,Ohio
LSTM,43.5,241870568.0,Ohio
Prophet,18.79,55323287.0,Oklahoma
XGBoost,30.88,74356602.0,Oklahoma
SARIMA,37.73,85431200.0,Oklahoma
LSTM,40.86,89573502.0,Oklahoma
Prophet,15.04,37907581.0,Oregon
XGBoost,29.96,59055498.0,Oregon
SARIMA,37.56,66339091.0,Oregon
LSTM,43.63,73583712.0,Oregon
Prophet,15.88,124251610.0,Pennsylvania
XGBoost,34.13,205069594.0,Pennsylvania
SARIMA,39.11,217476749.0,Pennsylvania
LSTM,41.68,227728478.0,Pennsylvania
Prophet,13.61,7866493.0,Rhode Island
XGBoost,30.12,12703528.0,Rhode Island
SARIMA,36.31,14782320.0,Rhode Island
LSTM,39.36,15551530.0,Rhode Island
Prophet,16.36,68398731.0,South Carolina
XGBoost,34.49,106880396.0,South Carolina
LSTM,35.82,107486272.0,South Carolina
SARIMA,37.98,114476998.0,South Carolina
Prophet,14.54,8946149.0,South Dakota
XGBoost,30.97,15576970.0,South Dakota
SARIMA,38.28,16881424.0,South Dakota
LSTM,42.11,17937572.0,South Dakota
Prophet,14.5,82869515.0,Tennessee
XGBoost,29.97,134334979.0,Tennessee
LSTM,34.8,140676988.0,Tennessee
SARIMA,38.04,152838481.0,Tennessee
Prophet,15.6,307196385.0,Texas
XGBoost,27.01,424092393.0,Texas
SARIMA,38.91,543735474.0,Texas
LSTM,41.29,562045255.0,Texas
Prophet,12.51,24688132.0,Utah
XGBoost,34.14,47081407.0,Utah
SARIMA,39.54,51315976.0,Utah
LSTM,46.53,57465265.0,Utah
Prophet,15.21,6067490.0,Vermont
SARIMA,36.9,10458734.0,Vermont
XGBoost,37.15,10743570.0,Vermont
LSTM,38.33,10594811.0,Vermont
Prophet,16.88,103784198.0,Virginia
XGBoost,26.92,139941411.0,Virginia
SARIMA,38.46,172299510.0,Virginia
LSTM,39.79,173624162.0,Virginia
Prophet,12.85,54858001.0,Washington
XGBoost,28.62,92739999.0,Washington
LSTM,35.64,102277488.0,Washington
SARIMA,37.71,109082236.0,Washington
Prophet,16.59,26379508.0,West Virginia
XGBoost,29.74,38947797.0,West Virginia
SARIMA,38.11,44366206.0,West Virginia
LSTM,39.07,44777237.0,West Virginia
Prophet,13.74,47772100.0,Wisconsin
XGBoost,36.04,90814208.0,Wisconsin
SARIMA,38.06,92202275.0,Wisconsin
LSTM,42.71,99585051.0,Wisconsin
Prophet,14.39,6873994.0,Wyoming
XGBoost,33.64,11818105.0,Wyoming
LSTM,37.99,12306873.0,Wyoming
SARIMA,38.28,12488746.0,Wyoming
